user_id,month,data_volume_mb
1000,12,1901.47
1001,8,6919.15
1001,9,13314.82
1001,10,22330.49
1001,11,18504.3
1001,12,19369.18
1002,10,6552.01
1002,11,19345.08
1002,12,14396.24
1003,12,27044.14
1004,5,6547.21
1004,6,20672.82
1004,7,24516.62
1004,8,27981.739999999998
1004,9,18852.72
1004,10,14541.63
1004,11,21850.78
1004,12,21389.29
1005,12,17140.17
1006,11,2068.37
1006,12,32118.82
1007,8,24439.88
1007,9,28123.95
1007,10,37885.63
1007,11,24334.0
1007,12,29069.28
1008,10,17106.989999999998
1008,11,23676.72
1008,12,14689.33
1009,5,20389.4
1009,6,18845.9
1009,7,30421.65
1009,8,24557.52
1009,9,20962.4
1009,10,22664.84
1009,11,25473.43
1009,12,23922.6
1010,3,10690.02
1010,4,19722.34
1010,5,15888.52
1010,6,16829.31
1010,7,12663.11
1010,8,19811.84
1010,9,16813.73
1010,10,16937.78
1010,11,7985.59
1011,6,6685.11
1011,7,21046.41
1011,8,21099.37
1011,9,16638.46
1011,10,24575.65
1011,11,22102.97
1011,12,19630.63
1012,11,13935.03
1012,12,11876.94
1013,12,20113.92
1014,11,1175.59
1014,12,7792.41
1015,12,17495.12
1016,10,3669.91
1016,11,27501.33
1016,12,28188.010000000002
1017,8,2128.5299999999997
1017,9,24478.920000000002
1017,10,28478.25
1017,11,19093.04
1017,12,21136.58
1018,10,8722.35
1018,11,15266.53
1018,12,17390.55
1019,11,3012.91
1019,12,28127.77
1020,11,12000.34
1020,12,19749.08
1021,12,6084.63
1022,5,4908.08
1022,6,23436.48
1022,7,9933.15
1022,8,21325.33
1022,9,14118.23
1022,10,18961.41
1022,11,22204.48
1022,12,18283.62
1023,7,9096.97
1023,8,9991.79
1024,12,10807.37
1026,7,4822.35
1026,8,8402.11
1027,7,11516.06
1027,8,20351.1
1027,9,17075.76
1027,10,12901.15
1027,11,15839.84
1027,12,14411.53
1028,2,12591.91
1028,3,36061.04
1028,4,37761.59
1028,5,32907.83
1028,6,37907.14
1028,7,38826.7
1028,8,40388.21
1028,9,26563.75
1028,10,46595.33
1028,11,42952.59
1028,12,37603.26
1029,8,618.95
1029,9,13719.06
1029,10,17605.99
1029,11,14210.22
1029,12,21046.14
1030,10,11302.29
1030,11,16646.68
1030,12,15567.17
1031,7,10653.04
1031,8,21615.94
1031,9,13005.92
1031,10,18775.73
1031,11,16198.94
1031,12,12622.11
1032,11,14469.16
1032,12,14290.59
1033,9,5349.94
1033,10,28522.22
1033,11,27039.350000000002
1033,12,21003.9
1034,8,997.42
1035,12,15500.04
1036,6,1449.37
1036,7,12116.67
1036,8,19505.93
1036,9,14974.61
1036,10,11220.67
1036,11,10044.92
1036,12,8787.79
1037,12,14370.44
1038,10,22299.5
1038,11,37946.04
1038,12,45020.31
1039,6,6010.62
1039,7,20939.15
1039,8,22398.41
1039,9,18558.81
1039,10,13511.26
1039,11,26185.96
1039,12,20219.18
1040,12,16961.4
1041,3,1586.3899999999999
1041,4,20601.58
1041,5,18259.46
1041,6,20033.170000000002
1041,7,23400.72
1041,8,24733.29
1041,9,22056.28
1041,10,19097.12
1041,11,24967.66
1041,12,16863.45
1042,1,1854.93
1042,2,6801.48
1042,3,7400.58
1042,4,7102.4
1042,5,9061.44
1042,6,9149.53
1042,7,6543.5
1042,8,6493.25
1042,9,13960.01
1042,10,6118.26
1042,11,9287.95
1042,12,6022.1
1043,6,9891.43
1043,7,27989.01
1043,8,30372.95
1043,9,32619.76
1043,10,31327.21
1043,11,33572.26
1043,12,38464.82
1044,9,22425.25
1044,10,20635.53
1044,11,24572.15
1044,12,15473.81
1045,10,9178.75
1045,11,24871.18
1045,12,17012.32
1046,6,10538.28
1046,7,22016.18
1046,8,24950.45
1046,9,25161.01
1046,10,25833.19
1046,11,25165.01
1046,12,13891.550000000001
1047,12,17146.8
1048,8,2256.76
1048,9,8806.79
1048,10,12249.23
1048,11,10699.55
1048,12,9290.36
1049,4,5374.0
1049,5,7776.349999999999
1049,6,8427.87
1049,7,8510.51
1049,8,9547.39
1049,9,10160.8
1049,10,6189.06
1049,11,10572.32
1049,12,7472.53
1050,3,5942.6
1050,4,17557.58
1050,5,16769.29
1050,6,11574.0
1050,7,16132.82
1050,8,15211.449999999999
1050,9,16997.27
1050,10,24534.68
1050,11,14227.19
1050,12,17044.12
1051,12,10369.73
1052,11,4650.4
1052,12,26633.75
1053,7,855.57
1053,8,21209.15
1053,9,22495.99
1053,10,16830.64
1053,11,20020.42
1053,12,15720.48
1054,4,8231.44
1054,5,17925.98
1054,6,20824.09
1054,7,16285.92
1054,8,24096.24
1054,9,19633.48
1054,10,21121.260000000002
1054,11,20537.55
1054,12,22992.69
1055,5,7534.64
1055,6,10709.68
1055,7,15625.710000000001
1055,8,15189.85
1055,9,14305.2
1055,10,19802.85
1055,11,14972.39
1055,12,15445.36
1056,7,3094.72
1056,8,21623.82
1056,9,15961.9
1056,10,19099.83
1056,11,18495.81
1056,12,24974.03
1057,9,3818.35
1057,10,28474.23
1057,11,35090.02
1057,12,24450.06
1058,11,7828.96
1058,12,9190.19
1059,4,3672.48
1059,5,11783.35
1059,6,10894.02
1059,7,13367.17
1059,8,12895.01
1059,9,15036.26
1059,10,17544.16
1059,11,15430.49
1059,12,20197.26
1060,8,12539.42
1060,9,26256.75
1060,10,24445.77
1060,11,19076.57
1060,12,25061.82
1061,4,6716.8
1061,5,20773.12
1061,6,20446.71
1061,7,21455.15
1061,8,18424.54
1061,9,24854.16
1061,10,16449.92
1061,11,18752.52
1061,12,23815.85
1062,3,8604.210000000001
1062,4,14580.19
1062,5,15627.57
1062,6,12513.16
1062,7,13648.369999999999
1062,8,18914.74
1062,9,14532.52
1062,10,17328.78
1062,11,17936.98
1062,12,14550.1
1063,11,10936.7
1063,12,9994.54
1064,6,6572.2300000000005
1064,7,15403.26
1064,8,22240.82
1064,9,17233.66
1064,10,18068.96
1064,11,15201.33
1064,12,18268.829999999998
1065,9,9153.05
1065,10,17044.92
1065,11,19927.4
1065,12,18099.73
1066,3,13691.49
1066,4,22187.52
1066,5,21603.41
1066,6,16588.02
1066,7,19876.94
1066,8,19871.34
1066,9,20870.81
1066,10,21231.79
1066,11,21029.79
1066,12,17529.09
1067,9,3912.89
1067,10,20750.31
1067,11,20371.7
1067,12,15944.51
1068,5,6540.1
1068,6,15171.84
1068,7,14329.65
1068,8,14672.28
1068,9,11973.64
1068,10,19290.34
1068,11,13994.14
1068,12,17421.53
1069,9,8293.23
1069,10,11498.07
1069,11,11538.48
1069,12,14820.66
1070,12,15401.48
1071,5,6403.87
1071,6,12655.47
1071,7,19569.61
1071,8,13747.5
1071,9,11812.6
1071,10,13054.55
1071,11,14871.3
1071,12,20631.8
1072,7,17252.99
1072,8,26667.579999999998
1072,9,26346.81
1072,10,26967.6
1072,11,32988.66
1072,12,34185.21
1073,4,14511.98
1073,5,14296.74
1073,6,13237.64
1073,7,15329.24
1073,8,16832.09
1073,9,12566.12
1073,10,13235.86
1073,11,12278.82
1073,12,16570.14
1074,11,866.51
1074,12,10802.82
1075,9,10018.48
1075,10,11724.69
1075,11,8632.35
1075,12,15267.35
1076,7,113.74
1076,8,25517.579999999998
1076,9,23134.42
1076,10,21310.96
1076,11,21318.64
1076,12,15440.81
1077,1,10635.64
1077,2,19926.55
1077,3,20689.95
1077,4,16964.5
1077,5,23068.75
1077,6,15390.56
1077,7,19615.47
1077,8,21343.47
1077,9,19443.41
1077,10,20861.04
1077,11,22289.0
1077,12,18543.85
1078,11,8193.15
1078,12,12485.130000000001
1079,7,1432.5
1079,8,21227.57
1079,9,17984.35
1079,10,17375.9
1079,11,13800.59
1079,12,13852.37
1080,8,20519.74
1080,9,25499.72
1080,10,30161.57
1080,11,33559.88
1080,12,24543.42
1081,4,92.31
1081,5,14482.73
1081,6,18137.88
1081,7,15745.27
1081,8,15950.3
1081,9,17618.37
1081,10,14885.800000000001
1081,11,13776.53
1081,12,17865.73
1082,4,6874.38
1082,5,14537.34
1082,6,17955.579999999998
1082,7,13257.65
1082,8,19901.62
1082,9,13554.4
1082,10,17844.19
1082,11,18821.37
1082,12,22153.83
1083,10,2911.0299999999997
1083,11,17894.5
1083,12,20914.25
1084,10,7833.11
1084,11,20587.48
1084,12,27859.079999999998
1085,8,1889.07
1085,9,22527.13
1085,10,22638.42
1085,11,25059.51
1085,12,25194.51
1086,12,24775.81
1087,11,6787.43
1087,12,12425.47
1088,5,2489.5
1088,6,15980.02
1088,7,14818.529999999999
1088,8,19089.65
1088,9,15253.79
1088,10,12191.83
1088,11,19375.06
1088,12,17376.54
1089,12,16597.91
1090,5,9592.09
1090,6,15487.23
1090,7,27591.61
1090,8,22497.53
1090,9,17343.94
1090,10,13111.49
1090,11,21358.72
1090,12,14337.62
1091,10,3632.92
1091,11,6402.09
1092,12,22419.61
1093,12,4837.79
1094,10,1728.71
1094,11,28448.4
1094,12,23957.21
1095,4,4392.78
1095,5,13795.63
1095,6,12560.2
1095,7,15825.76
1095,8,15474.53
1095,9,15110.19
1095,10,13619.65
1095,11,18290.77
1095,12,18523.18
1096,12,7159.74
1097,8,4130.0599999999995
1097,9,12047.3
1097,10,17220.95
1097,11,20539.170000000002
1097,12,19175.92
1098,8,17686.54
1098,9,29244.37
1098,10,30885.97
1098,11,31063.77
1098,12,28876.32
1099,2,599.78
1099,3,20857.74
1099,4,15861.63
1099,5,20522.51
1099,6,14416.46
1099,7,13238.13
1099,8,16692.58
1099,9,17353.26
1099,10,20462.74
1099,11,15144.54
1099,12,16293.44
1100,8,15115.119999999999
1100,9,18948.95
1100,10,16753.37
1100,11,24672.97
1100,12,21906.66
1101,4,1832.63
1101,5,17296.93
1101,6,14432.43
1101,7,14207.54
1101,8,15143.18
1101,9,12907.32
1101,10,15815.91
1101,11,12178.0
1101,12,9104.09
1102,12,6491.35
1103,8,13561.66
1103,9,18619.47
1103,10,19214.54
1103,11,21279.43
1103,12,18351.86
1104,12,9360.99
1105,10,9664.7
1105,11,11937.49
1105,12,10987.22
1106,5,13256.11
1106,6,18617.0
1106,7,18682.76
1106,8,23732.1
1106,9,28192.49
1106,10,19170.18
1106,11,25163.24
1106,12,22147.94
1107,11,5209.57
1107,12,18422.66
1108,12,233.17
1109,4,8246.83
1109,5,12630.88
1109,6,12202.07
1109,7,20005.7
1109,8,10660.34
1109,9,12191.51
1109,10,10290.62
1109,11,11015.09
1109,12,12497.47
1110,5,7247.61
1110,6,24115.41
1110,7,20312.24
1110,8,24671.51
1110,9,23705.63
1110,10,22191.06
1110,11,20229.84
1110,12,21214.5
1111,9,5933.05
1111,10,16146.39
1111,11,18228.08
1111,12,14857.96
1112,10,10565.2
1112,11,12728.12
1112,12,12235.76
1113,6,13695.210000000001
1113,7,10490.26
1113,8,15330.51
1113,9,12197.81
1113,10,15598.95
1113,11,12778.72
1113,12,15672.41
1114,7,7572.629999999999
1114,8,21360.4
1114,9,12680.130000000001
1114,10,15846.17
1114,11,26829.87
1114,12,18058.14
1115,11,5528.17
1115,12,18879.21
1116,8,15068.74
1117,5,2025.11
1117,6,14686.89
1117,7,17769.81
1117,8,22852.64
1117,9,21826.53
1117,10,18489.4
1117,11,18252.4
1117,12,25026.19
1118,12,15963.98
1119,10,633.04
1119,11,866.29
1119,12,1813.6599999999999
1120,4,23382.83
1120,5,22914.24
1120,6,21893.08
1120,7,21641.98
1120,8,19046.98
1120,9,28016.71
1120,10,17879.2
1120,11,21167.079999999998
1120,12,18871.88
1121,11,1236.65
1121,12,66863.89
1122,5,10913.65
1122,6,17780.58
1122,7,16299.25
1122,8,29045.27
1122,9,22436.68
1122,10,17460.79
1122,11,16862.03
1122,12,21337.4
1123,6,1766.76
1123,7,33222.95
1123,8,19375.57
1123,9,17772.7
1123,10,21505.98
1123,11,21177.71
1123,12,24982.22
1124,10,3686.42
1124,11,5898.57
1124,12,6495.23
1125,12,22697.1
1126,6,27575.54
1126,7,25768.85
1126,8,34307.16
1126,9,28196.33
1126,10,24840.64
1126,11,20906.16
1126,12,22134.66
1127,6,7756.93
1127,7,21608.77
1127,8,21291.57
1127,9,26462.44
1127,10,24318.32
1127,11,28516.95
1127,12,21964.05
1128,6,13036.38
1128,7,20796.32
1128,8,15748.49
1128,9,21204.82
1128,10,19870.93
1128,11,18740.37
1128,12,15362.73
1130,9,12787.35
1130,10,20706.02
1130,11,13800.91
1130,12,17920.43
1131,5,6468.11
1131,6,14637.039999999999
1131,7,16564.01
1131,8,12271.78
1131,9,15594.75
1131,10,21292.61
1131,11,13697.04
1131,12,15212.42
1132,4,15651.16
1132,5,30169.84
1132,6,26344.73
1132,7,27907.55
1132,8,20796.21
1132,9,26357.55
1132,10,22614.02
1132,11,26550.579999999998
1132,12,17396.31
1133,7,3895.05
1133,8,16099.27
1133,9,17366.56
1133,10,16908.69
1133,11,16483.21
1133,12,12440.39
1134,9,15746.07
1134,10,18199.5
1134,11,23317.89
1134,12,24072.13
1135,12,6921.2
1136,10,11788.640000000001
1136,11,21273.99
1136,12,22459.67
1137,10,7002.91
1137,11,3084.69
1137,12,6745.66
1138,2,16319.15
1138,3,17496.71
1138,4,20111.21
1138,5,23059.99
1138,6,18719.47
1138,7,23709.07
1138,8,18505.37
1138,9,20713.82
1138,10,23778.67
1138,11,16732.29
1138,12,8084.349999999999
1139,11,7640.26
1139,12,16642.19
1140,6,6188.79
1140,7,24060.44
1140,8,20653.77
1140,9,14411.51
1140,10,16832.5
1140,11,7153.67
1141,6,1990.02
1141,7,15038.09
1141,8,16926.93
1141,9,13151.789999999999
1141,10,15702.7
1141,11,17335.74
1141,12,18037.61
1142,8,5493.87
1142,9,22002.61
1142,10,14142.56
1142,11,18743.06
1142,12,16170.33
1144,4,8196.029999999999
1144,5,25753.69
1144,6,26198.65
1144,7,38583.96
1144,8,36704.71
1144,9,37587.03
1144,10,38156.82
1144,11,30493.86
1144,12,33370.53
1145,6,8298.869999999999
1145,7,17051.47
1145,8,17008.2
1145,9,17330.79
1145,10,23605.38
1145,11,19764.82
1145,12,18802.88
1146,10,11661.46
1146,11,19888.04
1146,12,17860.26
1147,5,28739.36
1147,6,34888.83
1147,7,36723.28
1147,8,32962.14
1147,9,35929.97
1147,10,36895.77
1147,11,25423.63
1147,12,25811.670000000002
1148,11,13722.77
1148,12,17832.13
1149,9,2450.56
1149,10,11688.36
1149,11,12987.49
1149,12,7911.99
1150,9,4121.2
1150,10,15184.27
1150,11,18137.14
1150,12,12881.1
1151,8,4775.44
1151,9,14761.49
1151,10,20534.38
1151,11,16671.63
1151,12,12759.72
1152,11,16922.13
1152,12,15773.119999999999
1153,6,4746.07
1153,7,11763.72
1153,8,15152.16
1153,9,19322.87
1153,10,10091.36
1153,11,16651.62
1153,12,9006.32
1154,10,16242.38
1154,11,18063.16
1154,12,12544.68
1155,2,4975.1900000000005
1155,3,20935.06
1155,4,18536.920000000002
1155,5,16743.03
1155,6,20582.21
1155,7,20407.8
1155,8,26732.39
1155,9,25109.6
1155,10,25785.6
1155,11,20099.69
1155,12,26530.44
1156,4,8642.62
1156,5,24169.96
1156,6,21636.5
1156,7,23331.7
1156,8,17630.7
1156,9,20283.49
1156,10,19966.57
1156,11,18137.5
1156,12,17486.49
1157,7,6447.47
1157,8,15398.11
1157,9,10238.27
1157,10,10062.17
1157,11,9236.95
1157,12,8196.85
1158,12,21244.74
1159,8,6412.6
1159,9,17015.76
1159,10,15861.99
1159,11,13825.28
1159,12,13966.210000000001
1160,4,6759.66
1160,5,20314.35
1160,6,16732.0
1160,7,15954.6
1160,8,22566.63
1160,9,15166.3
1160,10,24711.15
1160,11,22695.93
1160,12,22595.059999999998
1161,11,1052.08
1161,12,13603.88
1162,10,10939.1
1162,11,17130.9
1162,12,19813.79
1163,8,12166.449999999999
1163,9,14821.54
1163,10,19785.31
1163,11,26548.26
1163,12,22193.15
1164,4,2947.77
1164,5,13675.95
1164,6,16795.58
1164,7,13498.97
1164,8,14337.82
1164,9,14072.88
1164,10,16135.66
1164,11,16867.46
1164,12,16078.19
1165,10,3228.44
1165,11,18911.25
1165,12,15928.3
1166,9,16678.22
1166,10,19805.95
1166,11,28112.87
1166,12,19746.03
1167,5,3367.1800000000003
1167,6,15091.52
1167,7,12309.02
1167,8,8734.55
1167,9,13276.26
1167,10,16142.29
1167,11,13312.88
1167,12,13003.48
1168,12,7322.85
1169,12,17431.28
1170,9,7189.24
1170,10,23753.86
1170,11,28390.97
1170,12,24574.25
1171,2,16042.380000000001
1171,3,25452.13
1171,4,20924.42
1171,5,20635.5
1171,6,18007.14
1171,7,20298.36
1171,8,17170.32
1171,9,22378.989999999998
1171,10,26408.82
1171,11,19759.99
1171,12,19172.27
1172,8,12118.28
1172,9,32550.48
1172,10,35075.21
1172,11,25522.05
1172,12,23662.21
1173,9,409.43
1173,10,11903.5
1173,11,11757.43
1173,12,21584.21
1174,5,4842.87
1174,6,20325.6
1174,7,23416.61
1174,8,24692.96
1174,9,16506.98
1174,10,22526.28
1174,11,17869.15
1174,12,12347.72
1175,10,22562.08
1175,11,17196.53
1175,12,16689.73
1176,10,12453.3
1176,11,28528.760000000002
1176,12,25808.24
1177,11,11670.710000000001
1177,12,25912.86
1178,10,12326.45
1178,11,18044.83
1178,12,21917.35
1179,7,1473.95
1179,8,16530.82
1179,9,13842.130000000001
1179,10,13093.539999999999
1179,11,17448.07
1179,12,14673.39
1180,12,11829.27
1181,4,7969.9800000000005
1181,5,12394.05
1181,6,17275.29
1181,7,15644.34
1181,8,15246.59
1181,9,19238.08
1181,10,18317.73
1181,11,16965.72
1181,12,17522.3
1182,5,129.84
1182,6,18311.61
1182,7,21181.5
1182,8,19038.13
1182,9,17325.1
1182,10,20959.7
1182,11,21903.66
1182,12,17659.89
1183,10,6980.78
1183,11,18159.74
1183,12,20848.36
1184,12,10254.82
1185,1,6812.77
1185,2,20630.97
1185,3,27856.84
1185,4,32192.079999999998
1185,5,20954.25
1185,6,27639.55
1185,7,29354.86
1185,8,20794.99
1185,9,23561.83
1185,10,24856.760000000002
1185,11,27012.62
1185,12,27865.84
1186,12,1948.94
1187,4,14572.78
1187,5,21073.09
1187,6,25838.15
1187,7,16703.96
1187,8,21777.41
1187,9,16160.35
1187,10,16974.86
1187,11,15474.960000000001
1187,12,21052.81
1188,9,8761.44
1188,10,20608.2
1188,11,24383.760000000002
1188,12,20376.97
1189,9,4255.45
1189,10,21811.18
1189,11,17200.13
1189,12,20546.39
1190,12,14191.43
1191,5,10402.98
1191,6,16433.76
1191,7,17896.02
1191,8,14178.78
1191,9,18327.87
1191,10,14457.26
1191,11,14541.98
1191,12,11702.26
1192,10,8520.78
1192,11,7677.51
1192,12,7795.42
1193,7,14158.63
1193,8,19486.58
1193,9,15605.29
1193,10,19958.99
1193,11,18789.59
1193,12,16628.78
1194,8,5704.93
1194,9,37298.02
1194,10,31538.39
1194,11,42866.1
1194,12,31088.49
1195,9,4214.45
1195,10,13622.560000000001
1195,11,18079.31
1195,12,11567.68
1196,1,8908.61
1196,2,20085.2
1196,3,30960.95
1196,4,23851.24
1196,5,23429.34
1196,6,24669.37
1196,7,19610.06
1196,8,30549.1
1196,9,20113.6
1196,10,25503.59
1196,11,18562.12
1196,12,19500.88
1197,11,11032.6
1197,12,17460.25
1198,9,13162.26
1198,10,23836.6
1198,11,14361.58
1198,12,11152.91
1199,8,13361.35
1199,9,15687.529999999999
1199,10,21387.15
1199,11,24390.34
1199,12,12496.09
1200,11,4134.23
1200,12,15437.14
1201,6,23907.01
1201,7,26928.31
1201,8,35507.1
1201,9,25052.37
1201,10,28905.71
1201,11,38611.72
1201,12,26731.81
1202,10,13910.89
1202,11,11703.23
1202,12,9540.119999999999
1203,3,1248.0299999999997
1203,4,18087.22
1203,5,13325.49
1203,6,13544.970000000001
1203,7,11843.8
1203,8,20411.79
1203,9,17902.06
1203,10,16925.53
1203,11,9254.369999999999
1203,12,12451.92
1204,11,21346.95
1204,12,36730.05
1205,11,10826.99
1205,12,19328.02
1206,7,19010.72
1206,8,29653.53
1206,9,26898.43
1206,10,26495.94
1206,11,22740.44
1206,12,27945.75
1207,12,8278.51
1208,12,16154.29
1209,8,749.62
1209,9,30720.59
1209,10,17652.68
1209,11,14805.02
1209,12,22555.63
1210,6,14634.84
1210,7,15052.27
1210,8,11819.25
1210,9,7386.74
1211,7,15068.78
1211,8,24060.66
1211,9,17759.72
1211,10,20794.65
1211,11,27256.47
1211,12,25533.58
1212,7,2095.61
1212,8,11505.04
1212,9,13628.03
1212,10,12504.31
1212,11,14141.34
1212,12,13122.77
1213,11,1938.76
1213,12,18028.98
1214,1,1315.35
1214,2,21598.95
1214,3,22013.18
1214,4,15766.26
1214,5,16490.95
1214,6,21099.9
1214,7,16438.420000000002
1214,8,18177.17
1214,9,18749.35
1214,10,21638.58
1214,11,18392.45
1214,12,16239.92
1215,9,18935.89
1215,10,30940.87
1215,11,35029.93
1215,12,34298.28
1216,9,4938.33
1216,10,14123.24
1216,11,13588.44
1216,12,15687.82
1217,10,21224.93
1217,11,22923.77
1217,12,18019.31
1218,12,13594.75
1219,11,8200.7
1219,12,27069.02
1220,4,5256.57
1220,5,18107.170000000002
1220,6,12183.66
1220,7,20059.75
1220,8,24289.51
1220,9,20620.12
1220,10,19456.48
1220,11,12919.69
1220,12,18578.62
1221,12,7904.0
1222,7,24258.6
1222,8,17845.63
1222,9,16716.01
1222,10,19515.59
1222,11,17755.92
1222,12,15123.43
1223,7,23686.02
1223,8,20398.48
1223,9,20408.31
1223,10,21161.28
1223,11,23637.32
1223,12,24924.04
1224,6,2966.21
1224,7,21810.79
1224,8,21674.27
1224,9,17173.14
1224,10,17909.54
1225,12,14304.55
1226,7,14650.06
1226,8,14102.36
1226,9,22213.05
1226,10,17487.170000000002
1226,11,18980.1
1226,12,17046.68
1227,12,18651.59
1228,10,8786.14
1228,11,13225.32
1228,12,8615.64
1229,12,20551.61
1230,12,21637.87
1231,6,15342.76
1231,7,14764.46
1231,8,16874.25
1231,9,19411.23
1231,10,16946.96
1231,11,16410.25
1231,12,17326.59
1232,4,9727.59
1232,5,15035.58
1232,6,15664.87
1232,7,15422.94
1232,8,15929.76
1232,9,22794.48
1232,10,15508.529999999999
1232,11,17510.36
1232,12,17936.99
1233,10,8920.32
1233,11,22779.82
1233,12,18768.07
1234,12,9299.3
1235,11,13245.86
1235,12,7245.31
1236,4,15603.83
1236,5,14906.16
1236,6,18925.44
1236,7,13604.83
1236,8,17954.65
1236,9,17586.99
1236,10,15205.5
1236,11,17141.73
1236,12,19703.65
1237,9,13358.56
1237,10,11199.210000000001
1237,11,7367.0
1237,12,15369.49
1238,11,22351.4
1238,12,22777.73
1239,10,13808.210000000001
1239,11,13955.03
1239,12,17206.28
1240,6,8454.95
1240,7,34750.43
1240,8,49950.58
1240,9,30851.55
1240,10,42128.840000000004
1240,11,33644.72
1240,12,41729.17
1241,9,9184.64
1241,10,10170.63
1241,11,6419.27
1241,12,14071.01
1242,10,10893.72
1242,11,14706.14
1242,12,9810.87
1243,10,12057.33
1243,11,22394.04
1243,12,28824.21
1244,11,20203.12
1244,12,19531.16
1245,7,2530.84
1245,8,9636.65
1245,9,6875.84
1245,10,9238.86
1245,11,12283.49
1245,12,4821.57
1246,2,20092.89
1246,3,31093.21
1246,4,26662.62
1246,5,19820.760000000002
1246,6,17066.01
1246,7,17422.16
1246,8,18177.28
1246,9,7999.389999999999
1247,7,5598.34
1247,8,15364.48
1247,9,20909.73
1247,10,14394.15
1247,11,17459.46
1247,12,26551.09
1248,11,1869.23
1248,12,17330.7
1249,5,9452.18
1249,6,16483.84
1249,7,14209.539999999999
1249,8,18809.16
1249,9,17041.18
1249,10,11660.19
1250,10,8511.32
1250,11,11680.55
1250,12,8733.2
1251,3,13867.94
1251,4,22601.96
1251,5,21218.65
1251,6,29479.36
1251,7,22913.54
1251,8,34474.37
1251,9,21295.69
1251,10,28883.57
1251,11,18230.67
1251,12,20720.46
1252,6,8275.41
1252,7,14321.31
1252,8,12872.529999999999
1252,9,15538.58
1252,10,16963.29
1252,11,13417.19
1252,12,12730.13
1253,9,12656.35
1253,10,17512.91
1253,11,13641.06
1253,12,15608.62
1254,8,20908.48
1254,9,17574.1
1254,10,21385.739999999998
1254,11,20514.22
1254,12,16751.52
1255,8,11136.87
1255,9,10052.62
1255,10,10453.05
1255,11,7635.97
1255,12,9462.2
1256,9,11870.53
1256,10,10774.25
1256,11,21209.66
1256,12,10866.38
1257,4,3703.5
1257,5,15842.46
1257,6,14845.76
1257,7,13555.5
1257,8,12760.7
1257,9,5069.39
1257,10,15201.25
1257,11,20401.55
1257,12,16263.460000000001
1258,7,15041.36
1258,8,19853.09
1258,9,19041.96
1258,10,18282.69
1258,11,21419.19
1258,12,24029.0
1259,3,1280.9
1259,4,3519.44
1259,5,3339.33
1259,6,1342.4499999999998
1259,7,2114.01
1259,8,2520.61
1259,9,3282.23
1259,10,1953.3
1259,11,3239.7
1259,12,1078.27
1260,12,19766.78
1261,2,7045.44
1261,3,17755.59
1261,4,21853.35
1261,5,21436.7
1261,6,13083.77
1261,7,25447.5
1261,8,17556.64
1261,9,16958.98
1261,10,17573.63
1261,11,15404.34
1261,12,17214.93
1262,12,16014.199999999999
1263,3,10646.58
1263,4,12264.9
1263,5,13953.25
1263,6,15688.52
1263,7,19026.98
1263,8,16681.65
1263,9,20920.94
1263,10,13361.74
1263,11,18485.98
1263,12,20578.03
1264,5,16145.31
1264,6,15214.44
1264,7,13603.5
1264,8,13170.78
1264,9,14462.380000000001
1264,10,20523.0
1264,11,17529.26
1264,12,14114.6
1265,11,4181.99
1265,12,28051.14
1266,12,11630.05
1267,11,1468.13
1267,12,37544.159999999996
1268,3,19992.19
1268,4,25989.16
1268,5,36672.29
1268,6,37102.77
1268,7,38929.09
1268,8,33834.58
1268,9,24709.07
1268,10,34350.54
1268,11,29182.61
1268,12,31756.34
1270,9,12029.43
1270,10,18272.97
1270,11,16119.29
1270,12,24633.93
1271,12,17962.75
1272,11,2468.54
1272,12,41059.97
1273,10,10722.53
1273,11,13527.04
1273,12,18176.59
1274,12,17346.079999999998
1276,9,9600.52
1276,10,17100.85
1276,11,10918.63
1276,12,19497.44
1277,4,9914.07
1277,5,23037.63
1277,6,21632.19
1277,7,23335.52
1277,8,26449.72
1277,9,17139.15
1277,10,20233.18
1277,11,24689.579999999998
1277,12,20946.13
1278,11,14784.810000000001
1278,12,23223.03
1279,10,12536.119999999999
1279,11,13854.43
1279,12,15620.26
1280,6,4861.67
1280,7,16876.57
1280,8,10897.619999999999
1280,9,18366.57
1280,10,16583.44
1280,11,11615.46
1280,12,17784.34
1281,7,3236.69
1281,8,8655.44
1281,9,9391.17
1281,10,9793.38
1281,11,7094.43
1281,12,8169.07
1282,11,17295.28
1282,12,24487.1
1283,11,3494.51
1283,12,33067.5
1284,9,21899.88
1284,10,31687.87
1284,11,25716.57
1284,12,21317.66
1285,8,3865.38
1285,9,3673.1000000000004
1285,10,4319.21
1285,11,3064.5299999999997
1285,12,3124.4
1286,12,11351.29
1287,11,12723.19
1287,12,17345.66
1288,10,14660.53
1288,11,11979.03
1288,12,14622.88
1289,11,12695.65
1289,12,18661.41
1290,11,8938.66
1290,12,4748.8
1291,4,3779.34
1291,5,14019.73
1291,6,15428.95
1291,7,21497.27
1291,8,20999.61
1291,9,14924.73
1291,10,21268.25
1291,11,12558.28
1291,12,12186.77
1292,7,21099.24
1292,8,51809.35
1292,9,32907.39
1292,10,46868.75
1292,11,33877.79
1292,12,52034.659999999996
1293,8,17951.4
1293,9,32271.6
1293,10,39963.26
1293,11,30607.2
1293,12,29088.98
1294,9,6555.46
1294,10,30249.17
1294,11,14327.66
1295,8,11382.26
1295,9,17117.63
1295,10,19931.64
1295,11,18391.85
1295,12,22206.03
1296,10,10627.8
1296,11,20186.52
1296,12,14851.17
1297,11,12247.5
1297,12,7960.32
1298,12,17882.76
1299,3,4905.4
1299,4,16718.19
1299,5,18204.12
1299,6,18566.489999999998
1299,7,18631.63
1299,8,14212.83
1299,9,17759.41
1299,10,15037.31
1299,11,11977.33
1299,12,12021.16
1300,10,8253.35
1300,11,14956.49
1300,12,24325.88
1301,11,8948.8
1301,12,35011.71
1302,9,10712.19
1302,10,28076.03
1302,11,22987.59
1302,12,9070.44
1303,12,25042.66
1304,10,3465.5099999999998
1304,11,20005.14
1304,12,23251.89
1305,5,9945.9
1305,6,17078.86
1305,7,15252.78
1305,8,13435.16
1305,9,17449.09
1305,10,16002.21
1305,11,16005.04
1305,12,15755.87
1306,11,246.99
1308,11,6783.38
1308,12,21520.72
1309,11,240.0
1309,12,16233.7
1310,11,968.9000000000001
1310,12,20970.26
1311,6,1498.83
1311,7,24800.73
1311,8,17512.87
1311,9,19185.44
1311,10,16740.71
1311,11,15450.17
1311,12,11638.869999999999
1312,3,20917.54
1312,4,28509.8
1312,5,22079.41
1312,6,17076.09
1312,7,27213.75
1312,8,25569.29
1312,9,18549.57
1312,10,20623.41
1312,11,14662.89
1313,6,6523.04
1313,7,17701.73
1313,8,16293.62
1313,9,17943.79
1313,10,21656.21
1313,11,19690.12
1313,12,12318.71
1314,11,16797.9
1314,12,12603.630000000001
1315,11,7555.01
1315,12,5856.4800000000005
1316,5,3189.44
1316,6,12679.55
1316,7,17071.3
1316,8,19881.22
1316,9,24316.96
1316,10,19562.38
1316,11,20174.26
1316,12,24658.26
1317,11,9105.689999999999
1317,12,16207.01
1318,9,442.71
1318,10,18126.04
1318,11,24675.5
1318,12,19730.76
1320,4,8356.98
1320,5,20775.45
1320,6,13977.75
1320,7,22011.8
1320,8,21542.06
1320,9,13837.42
1320,10,26621.41
1320,11,19919.41
1320,12,16113.69
1321,6,17726.98
1321,7,23604.01
1321,8,19672.55
1321,9,18633.06
1321,10,22575.28
1321,11,11822.98
1321,12,23318.65
1322,8,3565.98
1322,9,10837.52
1322,10,10988.039999999999
1322,11,17334.68
1322,12,16446.22
1323,12,1024.85
1324,4,14162.32
1324,5,17445.92
1324,6,20031.19
1324,7,19783.35
1324,8,13690.68
1324,9,21604.98
1324,10,20999.84
1324,11,18287.93
1324,12,16354.39
1325,11,11366.88
1325,12,27752.94
1326,7,6962.71
1326,8,10459.58
1326,9,12098.38
1326,10,10387.66
1326,11,11281.42
1326,12,15196.55
1327,8,3994.05
1327,9,19063.59
1327,10,26737.61
1327,11,25340.64
1327,12,18975.56
1328,4,2749.33
1328,5,30365.39
1328,6,23829.72
1328,7,36408.26
1328,8,20790.01
1328,9,21640.95
1328,10,27937.46
1328,11,28685.52
1328,12,23305.21
1329,8,8187.5
1329,9,26519.82
1329,10,19957.28
1329,11,26399.25
1329,12,25859.4
1330,11,9707.17
1330,12,13301.48
1331,8,16803.26
1331,9,16532.12
1331,10,16136.86
1331,11,15076.86
1331,12,19941.420000000002
1332,8,24322.34
1332,9,20557.87
1332,10,27824.6
1332,11,22035.85
1332,12,16736.15
1333,11,3883.26
1333,12,19292.0
1334,3,3122.4700000000003
1334,4,15474.76
1334,5,13006.869999999999
1334,6,18091.93
1334,7,17745.79
1334,8,18744.0
1334,9,14448.75
1334,10,22539.13
1334,11,18910.52
1334,12,14517.44
1335,6,18534.14
1335,7,19059.3
1335,8,21283.21
1335,9,17646.62
1335,10,15412.87
1335,11,16938.26
1335,12,16815.88
1336,4,15947.11
1336,5,16958.73
1336,6,22761.56
1336,7,15982.41
1336,8,14404.64
1336,9,20770.59
1336,10,19156.29
1336,11,17539.04
1336,12,16760.65
1337,11,13300.93
1337,12,16976.91
1338,8,14470.47
1338,9,17778.67
1338,10,15471.34
1338,11,11790.83
1338,12,22838.11
1339,5,3306.5800000000004
1339,6,4385.16
1339,7,3718.19
1339,8,3202.36
1339,9,3912.87
1339,10,2621.5
1339,11,3762.38
1339,12,3244.71
1340,9,1206.47
1340,11,951.91
1340,12,1698.18
1341,10,10692.23
1341,11,22828.85
1341,12,24142.4
1342,12,10998.39
1343,8,6755.25
1343,9,15977.470000000001
1343,10,25146.93
1343,11,16400.25
1343,12,20502.94
1344,12,4054.01
1345,10,7134.83
1345,11,8975.99
1345,12,10821.75
1346,4,3755.7200000000003
1346,5,17788.61
1346,6,19357.52
1346,7,18018.92
1346,8,18292.01
1346,9,18006.84
1346,10,18522.15
1346,11,19625.68
1346,12,19142.64
1347,7,522.18
1347,8,20203.260000000002
1347,9,13229.05
1347,10,21673.95
1347,11,23007.19
1347,12,19117.2
1348,10,14708.01
1348,11,13081.88
1348,12,13790.03
1349,10,13093.55
1349,11,17128.26
1349,12,13039.91
1350,11,4673.01
1350,12,23837.95
1351,10,4823.99
1351,11,23475.94
1351,12,25367.78
1352,9,13135.2
1352,10,16150.11
1352,11,11790.11
1352,12,17506.18
1353,5,4799.35
1353,6,11831.38
1353,7,18882.97
1353,8,22103.11
1353,9,12464.66
1353,10,17800.2
1353,11,17435.7
1353,12,11757.24
1354,8,4191.78
1354,9,16230.36
1354,10,17329.45
1354,11,14823.28
1354,12,18576.39
1355,10,14624.16
1355,11,14055.3
1355,12,20128.09
1356,9,8430.54
1356,10,21034.88
1356,11,16053.37
1356,12,20225.01
1357,5,1099.78
1357,6,7956.58
1357,7,13514.5
1357,8,19805.69
1357,9,10072.15
1357,10,1994.02
1358,4,1689.01
1358,5,18434.99
1358,6,16931.05
1358,7,18422.079999999998
1358,8,17708.56
1358,9,18290.43
1358,10,16913.21
1358,11,16537.9
1358,12,3106.0
1359,2,20389.87
1359,3,30347.760000000002
1359,4,26441.94
1359,5,25211.489999999998
1359,6,22923.94
1359,7,29317.51
1359,8,34256.42
1359,9,30392.5
1359,10,27359.73
1359,11,27295.55
1359,12,32567.14
1360,12,24053.57
1361,5,1519.69
1361,6,14532.0
1361,7,10531.35
1361,8,20762.43
1361,9,16787.77
1361,10,15002.949999999999
1361,11,20289.99
1361,12,17396.73
1362,1,7894.79
1362,2,10761.2
1362,3,17327.65
1362,4,12415.189999999999
1362,5,13929.710000000001
1362,6,18594.87
1362,7,15172.02
1362,8,14741.83
1362,9,12764.24
1362,10,14891.599999999999
1362,11,13289.27
1362,12,13833.4
1363,9,10327.62
1363,10,16992.86
1363,11,16635.67
1363,12,18225.67
1364,8,9403.85
1364,9,14818.32
1364,10,16001.05
1364,11,15198.470000000001
1364,12,18299.85
1365,6,1021.3299999999999
1365,7,5979.39
1365,8,6337.42
1365,9,6785.66
1365,10,9291.87
1365,11,5833.38
1365,12,8219.25
1366,8,7086.05
1366,9,18379.32
1366,10,20094.09
1366,11,18935.67
1366,12,19840.1
1367,7,4797.96
1367,8,19263.99
1367,9,17124.37
1367,10,19212.84
1367,11,17176.25
1367,12,18311.65
1368,5,8049.06
1368,6,18506.739999999998
1368,7,15608.75
1368,8,15974.84
1368,9,16097.130000000001
1368,10,15748.130000000001
1368,11,20009.53
1368,12,19930.15
1369,11,14111.37
1369,12,36721.64
1370,9,9120.39
1370,10,17783.65
1370,11,13425.23
1370,12,14854.91
1371,10,2798.14
1371,11,17404.33
1371,12,22576.56
1372,12,18896.61
1373,9,9103.43
1373,10,32574.06
1373,11,27351.95
1373,12,36757.9
1374,4,2383.4300000000003
1374,5,30137.06
1374,6,35662.92
1374,7,32782.54
1374,8,37771.04
1374,9,21867.59
1374,10,30118.56
1374,11,25042.12
1374,12,29769.14
1375,12,13623.69
1376,11,19320.3
1376,12,16708.54
1377,7,7818.31
1377,8,26388.18
1377,9,21217.58
1377,10,18502.16
1377,11,21815.05
1377,12,23570.07
1379,11,17772.3
1379,12,70931.59
1380,9,15455.84
1380,10,19458.39
1380,11,18413.87
1380,12,23857.53
1381,9,11830.35
1381,10,25191.23
1381,11,23676.260000000002
1381,12,21430.02
1382,6,2652.67
1382,7,13018.42
1382,8,12711.72
1382,9,17098.71
1382,10,13547.0
1382,11,10000.14
1382,12,10969.81
1383,10,12730.13
1383,11,19636.23
1383,12,24238.73
1384,6,15320.45
1384,7,25450.13
1384,8,19284.27
1384,9,17950.09
1384,10,25108.7
1384,11,18786.93
1384,12,22372.07
1385,3,1995.3600000000001
1385,4,11963.56
1385,5,15323.26
1385,6,12958.42
1385,7,17677.38
1385,8,15329.76
1385,9,17843.89
1385,10,16258.1
1385,11,20535.2
1385,12,16602.79
1386,11,6493.4400000000005
1386,12,21874.71
1387,8,15048.75
1387,9,22529.03
1387,10,20679.39
1387,11,18819.49
1387,12,20847.72
1388,12,13262.79
1389,5,13713.87
1389,6,22296.51
1389,7,17489.45
1389,8,18462.47
1389,9,22814.89
1389,10,20259.49
1389,11,20495.56
1389,12,16853.23
1390,4,13907.61
1390,5,16499.79
1390,6,12529.76
1390,7,11529.56
1390,8,17407.84
1390,9,11261.67
1390,10,13239.18
1390,11,12933.06
1390,12,15801.78
1391,9,9530.32
1391,10,16096.48
1391,11,17904.5
1391,12,17510.47
1392,7,9697.18
1392,8,22008.12
1392,9,24137.69
1392,10,25307.31
1392,11,19132.04
1392,12,16661.75
1393,11,10050.31
1393,12,14164.82
1394,9,4360.68
1394,10,18905.48
1394,11,12997.539999999999
1394,12,16636.93
1395,12,11144.27
1396,8,13025.09
1396,9,24897.17
1396,10,18479.3
1396,11,15794.75
1397,6,17000.579999999998
1397,7,24072.19
1397,8,21243.82
1397,9,21465.829999999998
1397,10,24908.54
1397,11,17428.53
1397,12,23848.13
1398,10,4998.26
1398,11,13481.02
1398,12,16227.8
1399,6,15479.970000000001
1399,7,22739.04
1399,8,22919.13
1399,9,20994.26
1399,10,24639.04
1399,11,18687.88
1399,12,28885.11
1400,3,13665.49
1400,4,14425.98
1400,5,16761.24
1400,6,14502.51
1400,7,20903.97
1400,8,10996.3
1400,9,14336.67
1400,10,17794.55
1400,11,11720.51
1400,12,21871.59
1401,8,630.23
1401,9,6082.25
1401,10,13073.550000000001
1401,11,8047.61
1401,12,8407.64
1402,9,8980.36
1402,10,17302.54
1402,11,13822.9
1402,12,15993.8
1403,3,9018.12
1403,4,25723.23
1403,5,27824.84
1403,6,19777.2
1403,7,18276.48
1403,8,22856.59
1403,9,35206.68
1403,10,31103.88
1403,11,25027.78
1403,12,23064.46
1404,8,21217.65
1404,9,17431.96
1404,10,23884.22
1404,11,13897.07
1404,12,21426.67
1405,6,5066.43
1405,7,15911.35
1405,8,22922.89
1405,9,17472.55
1405,10,18971.88
1405,11,20133.35
1405,12,13959.07
1406,3,1287.32
1406,4,19192.36
1406,5,13835.11
1406,6,17191.12
1406,7,18499.22
1406,8,25606.58
1406,9,19152.72
1406,10,17894.79
1406,11,22737.98
1406,12,23704.96
1407,11,290.06
1407,12,19168.69
1408,2,11828.25
1408,3,17239.51
1408,4,13563.2
1408,5,12856.42
1408,6,17065.78
1408,7,13941.88
1408,8,17535.93
1408,9,16432.86
1408,10,14609.46
1408,11,14361.37
1408,12,14509.98
1409,10,11856.73
1409,11,23534.62
1409,12,17510.94
1410,10,17462.01
1410,11,20312.23
1410,12,16557.76
1411,8,8987.55
1411,9,14876.91
1411,10,10207.16
1411,11,11204.05
1411,12,9805.6
1412,6,7606.55
1412,7,21997.13
1412,8,14893.45
1412,9,15484.96
1412,10,17355.5
1412,11,12671.77
1412,12,14528.81
1413,12,14370.95
1414,8,962.46
1414,9,25017.63
1414,10,25002.88
1414,11,26856.13
1414,12,30361.91
1415,7,17650.66
1415,8,20240.43
1415,9,20991.89
1415,10,17408.010000000002
1415,11,23371.04
1415,12,20537.11
1416,10,16622.87
1416,11,16217.49
1416,12,35061.14
1417,6,3706.6899999999996
1417,7,26281.78
1417,8,18795.23
1417,9,14865.82
1417,10,24777.03
1417,11,21094.99
1417,12,21970.57
1418,8,9019.29
1418,9,33259.15
1418,10,33917.73
1418,11,36259.39
1418,12,41924.69
1419,11,5569.26
1419,12,19306.89
1420,7,1031.01
1420,8,18042.59
1420,9,14852.43
1420,10,15789.95
1420,11,17392.77
1420,12,20157.010000000002
1421,10,7633.58
1421,11,16629.12
1421,12,19285.77
1422,10,8955.2
1422,11,14623.26
1422,12,12941.34
1423,10,10311.59
1423,11,1414.13
1424,11,3940.5
1424,12,30371.78
1425,9,8236.64
1425,10,18265.6
1425,11,23576.4
1425,12,18001.22
1426,11,13282.26
1426,12,28124.62
1427,5,3175.3
1427,6,12372.5
1427,7,10185.720000000001
1427,8,14158.550000000001
1427,9,6806.49
1427,10,12636.61
1427,11,5908.5
1427,12,7606.02
1428,10,2875.72
1428,11,17051.28
1428,12,20189.02
1429,12,6770.01
1430,12,21955.85
1431,10,1761.48
1431,11,22610.4
1431,12,23992.0
1432,10,8402.19
1432,11,18158.84
1432,12,17531.86
1433,9,8261.57
1433,10,29147.48
1433,11,24238.68
1433,12,26039.84
1434,3,16012.38
1434,4,11664.64
1434,5,9306.31
1434,6,14515.06
1434,7,13130.24
1434,8,15150.66
1434,9,15125.96
1434,10,12090.0
1434,11,14944.82
1434,12,17611.43
1435,9,18291.43
1435,10,28334.27
1435,11,33786.71
1435,12,26193.97
1436,8,3598.71
1436,9,20272.2
1436,10,16018.68
1436,11,15578.380000000001
1436,12,16480.68
1437,11,15189.99
1437,12,19789.64
1438,9,6473.38
1438,10,17741.66
1438,11,18409.59
1438,12,21041.52
1439,5,13808.46
1439,6,17482.93
1439,7,20221.49
1439,8,12147.63
1439,9,12222.24
1439,10,17702.6
1439,11,13855.92
1439,12,21830.62
1440,5,2310.58
1440,6,18571.69
1440,7,17157.739999999998
1440,8,21716.59
1440,9,23276.3
1440,10,19872.95
1440,11,15026.33
1440,12,14961.93
1441,11,8406.23
1441,12,28844.55
1442,12,14448.26
1443,11,12661.380000000001
1443,12,27578.4
1444,8,11984.29
1444,9,16978.89
1444,10,24813.96
1444,11,22308.93
1444,12,18972.2
1445,3,5096.67
1445,4,10811.11
1445,5,16434.59
1445,6,14805.7
1445,7,10826.2
1445,8,14180.12
1445,9,7597.99
1446,9,12604.44
1446,10,23951.43
1446,11,19006.170000000002
1446,12,19804.02
1447,10,6043.8
1447,11,40217.22
1447,12,37464.81
1448,10,7920.65
1448,11,12481.52
1448,12,12864.8
1449,10,19011.78
1449,11,15827.64
1449,12,24200.95
1450,12,17492.24
1451,8,6150.17
1451,9,11951.66
1451,10,13541.86
1451,11,14708.82
1451,12,12707.18
1452,12,92.68
1453,11,17263.27
1453,12,16873.74
1454,7,5262.1
1454,8,23053.98
1454,9,23703.57
1454,10,23455.56
1454,11,13340.98
1454,12,22246.47
1455,11,9030.27
1455,12,626.94
1456,6,12266.66
1456,7,14010.35
1456,8,11739.53
1456,9,11535.48
1456,10,7625.469999999999
1456,11,12935.59
1456,12,12405.6
1457,12,13148.93
1458,7,4700.98
1458,8,16003.72
1458,9,21516.32
1458,10,17622.3
1458,11,16866.45
1458,12,15377.64
1459,11,21549.01
1459,12,29330.38
1460,5,2292.12
1460,6,33687.73
1460,7,29541.12
1460,8,29968.06
1460,9,34839.23
1460,10,29750.14
1460,11,24967.01
1460,12,30836.809999999998
1461,9,5254.08
1461,10,13960.74
1461,11,12714.04
1461,12,11126.94
1462,10,7522.16
1462,11,8576.98
1462,12,14831.44
1464,11,13309.59
1464,12,18693.79
1465,6,1910.47
1465,7,14887.48
1465,8,19231.79
1465,9,15782.97
1465,10,20287.35
1465,11,16075.27
1465,12,15399.84
1466,5,7127.48
1466,6,12559.35
1466,7,19761.29
1466,8,14284.36
1466,9,17916.48
1466,10,14944.62
1466,11,13191.03
1466,12,11303.25
1467,4,7094.45
1467,5,16708.5
1467,6,23451.85
1467,7,14754.23
1467,8,20058.64
1467,9,14323.21
1467,10,21104.02
1467,11,16306.75
1467,12,18368.02
1468,9,11179.41
1468,10,18878.46
1468,11,18506.9
1468,12,11986.52
1469,11,5281.19
1469,12,30828.829999999998
1471,10,6633.16
1471,11,4882.48
1472,4,9866.09
1472,5,14846.87
1472,6,18977.18
1472,7,12512.91
1472,8,15052.960000000001
1472,9,16502.77
1472,10,9412.11
1474,8,5336.52
1474,9,23424.65
1474,10,19399.81
1474,11,18222.36
1474,12,18386.64
1475,7,4130.99
1475,8,17303.72
1475,9,17234.78
1475,10,15670.57
1475,11,18927.32
1475,12,17627.66
1476,6,5223.14
1476,7,5481.2
1476,8,10098.07
1476,9,11263.34
1476,10,8229.19
1476,11,9388.94
1476,12,12670.49
1477,10,9072.78
1477,11,18576.66
1477,12,27961.49
1478,8,12170.58
1478,9,19428.57
1478,10,12314.99
1478,11,16216.44
1478,12,22560.06
1479,11,4123.18
1479,12,9779.48
1480,12,8805.51
1481,12,1265.78
1482,11,20245.8
1482,12,560.33
1483,4,316.56
1483,5,14546.51
1483,6,12991.18
1483,7,13573.8
1483,8,10954.0
1483,9,12195.88
1483,10,14056.45
1483,11,9338.99
1484,12,7294.5199999999995
1485,12,19484.73
1486,12,20312.83
1487,12,13992.39
1488,5,13767.4
1488,6,20108.83
1488,7,27500.4
1488,8,23148.89
1488,9,19296.51
1488,10,22980.46
1488,11,19159.52
1488,12,19805.73
1489,9,12713.35
1489,10,14695.08
1489,11,18266.25
1489,12,15321.07
1490,7,6411.5199999999995
1490,8,39316.23
1490,9,36147.19
1490,10,36997.03
1490,11,25817.03
1490,12,46215.51
1491,5,6464.49
1491,6,11034.31
1491,7,7833.29
1491,8,10245.84
1491,9,7040.5
1491,10,8480.09
1491,11,5185.73
1491,12,6766.42
1492,9,3173.95
1492,10,11826.22
1492,11,16969.08
1492,12,8854.71
1493,8,14137.82
1493,9,14991.17
1493,10,16329.57
1493,11,15630.78
1493,12,15289.09
1494,7,10509.24
1494,8,16492.04
1494,9,16181.14
1494,10,14498.5
1494,11,18405.82
1494,12,15302.45
1495,9,22981.37
1495,10,26899.41
1495,11,24912.78
1495,12,24097.4
1496,8,8605.66
1496,9,16389.27
1496,10,14287.36
1496,11,8547.36
1496,12,16438.989999999998
1497,12,11106.55
1498,2,19822.04
1498,3,19744.34
1498,4,19878.86
1498,5,22462.17
1498,6,14807.18
1498,7,24834.37
1498,8,20261.89
1498,9,22827.28
1498,10,20580.76
1498,11,19168.55
1498,12,23137.69
1499,9,12984.76
1499,10,19492.43
1499,11,16813.829999999998
1499,12,22059.21
